"path","size_bytes","sha256"
"adapter.stderr.log","0","e3b0c44298fc1c149afbf4c8996fb92427ae41e4649b934ca495991b7852b855"
"adapter.stdout.log","61","ae7f008acd84e987cdd72774d5ace33cf6eba3354f635dcbf769ec6ed0ac0fc0"
"evaluator.log","248","42101b8ae6498b0c439ebd4c884efe35d61c5b6bf4a47a784a6949db70236577"
"generated-verifier-evaluation.json","1060","660ac82d5e85dccfc2c2962802808249642e75d76e6f70cf0eecf1a788048a34"
"http-trace.jsonl","4654","0c4f0a2a8ce1843f029dc9807b10eeb897b2dfe390db5365e70523c92a7f39c3"
"provengo_project/.gitignore","32","f09e023c25978720ed9122360581f2fca50cb612504daed3337ab662e7106366"
"provengo_project/config/provengo.yml","1194","c9f786e7a9b6c9ef172d545a122d1c77c287abe624abcc96e069ec0a32b7bbc2"
"provengo_project/data/data.js","131","55e30a0929c59d9578c5695169b772d147c20b0ad8a7d556eb38c4defd8404b7"
"provengo_project/meta-spec/book-writer.js","3926","977303cc03f87fd6561e4435e4cbbb34c85559a94b7aacefdbe9c71b0cb5ac42"
"provengo_project/meta-spec/ensemble-code.js","2692","7e9e842a753bf38111af0cbfbf1bdaf8b88602fd620ff5fdd919fe8d23f45ab5"
"provengo_project/meta-spec/scenario-metadata.js","479","53f129542f1903bf3f7c2ef55914c0df227d58111a71c7c6053d40792b79cd65"
"provengo_project/meta-spec/script-writer.js","3034","f197d272e5524bd0b4ab1f59289b300232c7a8ebc060f8ffeba993fc7eaae0f9"
"provengo_project/products/internal/artifacts/1/1/1.txt","220","8db372cc21fb35aba97336605f2169a49df3960c04dbb36c69e26477d4b18259"
"provengo_project/products/internal/artifacts/1/1/2.txt","538","5f7993189a03df2f35dbc8d9c684d6b4a564e686f8a479e661bddfa8d85c4ec5"
"provengo_project/products/internal/artifacts/1/1/3.json","293","3778d8aee7cd71a0e2c23815dd9e8097e2dec56eeecc31815d051e25b32a894b"
"provengo_project/products/internal/artifacts/1/1/4.txt","313","85d30cabac0e18c466367eafdb340cf356b2a7003ebf4991364e17681ce8ac68"
"provengo_project/products/internal/artifacts/1/1/5.txt","479","6ac3b94d7c8670d0c70a6e470d75ce17df75c86eb7f98c3acb0eb09566b7cb4f"
"provengo_project/products/internal/artifacts/1/1/6","159","1c646950a1f179af12bb9d3328b9e3f6a2491f555954d2bd4a19735fbbfed4f8"
"provengo_project/products/internal/runs-db.db","27422720","5c040cfd78cacadb273eb79b29910bcf4ff5481075c414fca9c6f637d0821581"
"provengo_project/README.md","3451","3a11768cd17c0ea90eb23e4f45ac3281763ddf892c7ebd02bb1e2648ec876365"
"provengo_project/spec/js/000-runtime-config.js","152","7db2550d5d03e446f5ccd66e9efe1ae987495b9a555087eaa6b784118a21485b"
"provengo_project/spec/js/disabled/hello-world.js","1383","86253af6bc213bec40e9dc0f3c6d03134a32c1b31c0a618d77afbe9ad15b8cdd"
"provengo_project/spec/js/interfaces.vikunja_verified.js","70690","a95a9c76c55a4075742321d5176860ba80d40a557cad88bba3bf0407be396ba9"
"provengo_project/spec/js/stories.vikunja_verified.js","53023","300a9ce8ff56f4f4339e938d1307ff2429e4f6ebfb4dc9980865bbc11d822a14"
"provengo_project/spec/js/verification.vikunja_verified.js","152102","35472dc18558f8d71b2d3b121fce841b934771434692cb783698ab65ce6a72f4"
"provengo-create.log","592","76d9e41fe8fda9ca4e834af60753c8b4d6951a17018344df2ba14e37467d56cc"
"provengo-run.log","76364","f8a7518cd87de6d122cab7dba8127dc9d7f68dd3bb32d87788dcad2166aa7bbd"
"proxy.stderr.log","0","e3b0c44298fc1c149afbf4c8996fb92427ae41e4649b934ca495991b7852b855"
"proxy.stdout.log","53","07960e625b03159b89b1c481f5a37bcba2cd09d7880b32b433a916665c78324d"
"run-metadata.json","435","6be924072d1321031cd6a29ed33776c9bc1f3d5b81056765043dbc841dd833c9"
"verification.vikunja_verified.js","152102","35472dc18558f8d71b2d3b121fce841b934771434692cb783698ab65ce6a72f4"
"verification-manifest.vikunja_verified.json","270992","77a8e01dcc6302c3c3c5a9d65ed9a38becfa0702c96eb656c70d7e31c554f2bb"
