"Path","Bytes"
"keycloak-150-to-15/expanded-json/run-01.json","595768406"
"keycloak-150-to-15/runs/keycloak-15/failed-415-20260928-223800/run-01/scenario.json","595768406"
"keycloak-150-to-15/runs/keycloak-15/failed-run-01-20260928-231305/run-01/scenario.json","595768406"
"keycloak-150-to-15/runs/keycloak-15/failed-run-01-20260928-232556/run-01/scenario.json","595768406"
"keycloak-150-to-15/runs/keycloak-15/run-01-interrupted-20260928-222542/scenario.json","595768406"
"runs/keycloak-genetic-300-20260927_202106/batch-1-group-1-selected-2.json","53109331"
"runs/keycloak-genetic-300-20260927_202106/batch-1-group-2-selected-2.json","53106611"
"runs/keycloak-genetic-300-20260927_202106/batch-1-group-3-selected-2.json","53096939"
"runs/keycloak-genetic-300-20260927_202106/batch-1-group-4-selected-2.json","53109411"
"runs/keycloak-genetic-300-20260927_202106/batch-1-group-5-selected-2.json","53106611"
"runs/keycloak-genetic-300-20260927_202106/batch-1-selected-5.json","132770690"
"runs/keycloak-genetic-300-20260927_202106/batch-2-group-1-selected-2.json","53109243"
"runs/keycloak-genetic-300-20260927_202106/batch-2-group-2-selected-2.json","53106443"
"runs/keycloak-genetic-300-20260927_202106/batch-2-group-3-selected-2.json","53106611"
"runs/keycloak-genetic-300-20260927_202106/batch-2-group-4-selected-2.json","53106443"
"runs/keycloak-genetic-300-20260927_202106/batch-2-group-5-selected-2.json","53109243"
"runs/keycloak-genetic-300-20260927_202106/batch-2-selected-5.json","132767554"
"runs/keycloak-genetic-300-20260927_202106/batch-3-group-1-selected-2.json","53106531"
"runs/keycloak-genetic-300-20260927_202106/batch-3-group-2-selected-2.json","53106611"
"runs/keycloak-genetic-300-20260927_202106/batch-3-group-3-selected-2.json","53106531"
"runs/keycloak-genetic-300-20260927_202106/batch-3-group-4-selected-2.json","53109243"
"runs/keycloak-genetic-300-20260927_202106/batch-3-group-5-selected-2.json","53109331"
"runs/keycloak-genetic-300-20260927_202106/batch-3-selected-5.json","132767554"
"runs/keycloak-genetic-300-20260927_202106/batch-4-group-1-selected-2.json","53108043"
"runs/keycloak-genetic-300-20260927_202106/batch-4-group-2-selected-2.json","53108043"
"runs/keycloak-genetic-300-20260927_202106/batch-4-group-3-selected-2.json","53108211"
"runs/keycloak-genetic-300-20260927_202106/batch-4-group-4-selected-2.json","53105219"
"runs/keycloak-genetic-300-20260927_202106/batch-4-group-5-selected-2.json","53105051"
"runs/keycloak-genetic-300-20260927_202106/batch-4-selected-5.json","132767242"
"runs/keycloak-genetic-300-20260927_202106/batch-5-group-1-selected-2.json","53109331"
"runs/keycloak-genetic-300-20260927_202106/batch-5-group-2-selected-2.json","53109411"
"runs/keycloak-genetic-300-20260927_202106/batch-5-group-3-selected-2.json","53109331"
"runs/keycloak-genetic-300-20260927_202106/batch-5-group-4-selected-2.json","53106443"
"runs/keycloak-genetic-300-20260927_202106/batch-5-group-5-selected-2.json","53109243"
"runs/keycloak-genetic-300-20260927_202106/batch-5-selected-5.json","132770434"
"runs/keycloak-genetic-300-20260927_202106/batch-6-group-1-selected-2.json","53106443"
"runs/keycloak-genetic-300-20260927_202106/batch-6-group-2-selected-2.json","53109243"
"runs/keycloak-genetic-300-20260927_202106/batch-6-group-3-selected-2.json","53096851"
"runs/keycloak-genetic-300-20260927_202106/batch-6-group-4-selected-2.json","53109331"
"runs/keycloak-genetic-300-20260927_202106/batch-6-group-5-selected-2.json","53106531"
"runs/keycloak-genetic-300-20260927_202106/batch-6-selected-5.json","132767634"
"runs/keycloak-genetic-300-20260927_202106/ensemble-15.json","398304508"
"runs/keycloak-genetic-300-20260927_202106/intermediate-30.json","796611104"
"runs/keycloak-lookup-pilot-5a258297a60e42beab897a57180118fc/samples-3.json","83462814"
"runs/keycloak-lookup-pilot-63e61eed1d1e468a8ae7f5ddc54c5e62/samples-3.json","83755556"
"runs/keycloak-lookup-pilot-91380a3860904cccbd81ec0ffcbff06d/samples-3.json","86809726"
"runs/keycloak-parallel-crud-live-4ccfd4e8ce594a659bdb2c5132bafcf0/sample-1.json","123102920"
"runs/keycloak-readback-pilot-d6258eff5096447cb71c344b5299ab3a/samples-3.json","83287250"
