seed,epoch_id,scenario,width,overlap_observed,prior_http_events,release_skew_ns
20261003,generated-epoch-22,concurrency::same-field::repoEdit::allow_merge_update,2,True,181,663700
20261003,generated-epoch-20,concurrency::same-field::repoEdit::allow_manual_merge,2,True,199,161000
20261003,generated-epoch-40,concurrency::same-field::issueEditLabel::exclusive,2,True,228,138400
20261003,generated-epoch-32,concurrency::same-field::issueEditIssue::body,2,True,242,93300
20261003,generated-epoch-19,concurrency::same-field::repoEdit::allow_fast_forward_only_merge,2,True,253,107000
20261003,generated-epoch-46,concurrency::same-field::issueEditMilestone::title,2,True,261,378100
20261003,generated-epoch-43,concurrency::same-field::issueEditMilestone::description,2,True,269,146300
20261003,generated-epoch-36,concurrency::same-field::issueEditIssue::ref,2,True,277,120700
20261003,generated-epoch-5,concurrency::same-field::orgEdit::email,2,True,284,255900
20261003,generated-epoch-39,concurrency::same-field::issueEditLabel::description,2,True,292,98700
20261003,generated-epoch-7,concurrency::same-field::orgEdit::location,2,True,299,130900
20261003,generated-epoch-4,concurrency::same-field::orgEdit::description,2,True,306,225900
20261003,generated-epoch-38,concurrency::same-field::issueEditLabel::color,2,True,314,401600
20261003,generated-epoch-6,concurrency::same-field::orgEdit::full_name,2,True,321,347600
20261003,generated-epoch-33,concurrency::same-field::issueEditIssue::content_version,2,True,329,261700
20261003,generated-epoch-35,concurrency::same-field::issueEditIssue::milestone,2,True,337,130600
20261003,generated-epoch-21,concurrency::same-field::repoEdit::allow_merge_commits,2,True,345,518400
20261003,generated-epoch-34,concurrency::same-field::issueEditIssue::due_date,2,True,353,199600
20261003,generated-epoch-41,concurrency::same-field::issueEditLabel::is_archived,2,True,361,584400
20261003,generated-epoch-45,concurrency::same-field::issueEditMilestone::state,2,True,369,234300
20261003,generated-epoch-31,concurrency::same-field::issueEditIssue::assignee,2,True,377,536100
20261003,generated-epoch-44,concurrency::same-field::issueEditMilestone::due_on,2,True,385,99900
20261003,generated-epoch-8,concurrency::same-field::orgEdit::repo_admin_change_team_access,2,True,392,262700
20261003,generated-epoch-42,concurrency::same-field::issueEditLabel::name,2,True,400,144800
20261003,generated-epoch-9,concurrency::same-field::orgEdit::visibility,2,True,407,265700
20261003,generated-epoch-24,concurrency::same-field::repoEdit::allow_rebase_explicit,2,True,415,577400
20261003,generated-epoch-23,concurrency::same-field::repoEdit::allow_rebase,2,True,423,375100
