run,seed,oracle_id,producer_operation_id,epoch_id,width,overlap_observed,release_skew_ns
1,20260950,concurrency::same-field::repoEdit::allow_fast_forward_only_merge,createCurrentUserRepo,generated-epoch-19,2,True,427000
1,20260950,concurrency::same-field::repoEdit::allow_merge_commits,createCurrentUserRepo,generated-epoch-21,2,True,290800
1,20260950,concurrency::same-field::repoEdit::allow_rebase,createCurrentUserRepo,generated-epoch-23,2,True,638700
1,20260950,concurrency::same-field::repoEdit::allow_manual_merge,createCurrentUserRepo,generated-epoch-20,2,True,280600
1,20260950,concurrency::same-field::repoEdit::allow_rebase_explicit,createCurrentUserRepo,generated-epoch-24,2,True,444000
1,20260950,concurrency::same-field::repoEdit::allow_merge_update,createCurrentUserRepo,generated-epoch-22,2,True,439400
2,20260951,concurrency::same-field::repoEdit::allow_fast_forward_only_merge,createCurrentUserRepo,generated-epoch-19,2,True,301400
2,20260951,concurrency::same-field::repoEdit::allow_manual_merge,createCurrentUserRepo,generated-epoch-20,2,True,261800
2,20260951,concurrency::same-field::repoEdit::allow_merge_update,createCurrentUserRepo,generated-epoch-22,2,True,466800
2,20260951,concurrency::same-field::repoEdit::allow_rebase_explicit,createCurrentUserRepo,generated-epoch-24,2,True,217600
2,20260951,concurrency::same-field::repoEdit::allow_rebase,createCurrentUserRepo,generated-epoch-23,2,True,341200
2,20260951,concurrency::same-field::repoEdit::allow_merge_commits,createCurrentUserRepo,generated-epoch-21,2,True,409500
3,20260952,concurrency::same-field::repoEdit::allow_manual_merge,createCurrentUserRepo,generated-epoch-20,2,True,578000
3,20260952,concurrency::same-field::repoEdit::allow_merge_commits,createCurrentUserRepo,generated-epoch-21,2,True,465500
3,20260952,concurrency::same-field::repoEdit::allow_fast_forward_only_merge,createCurrentUserRepo,generated-epoch-19,2,True,443300
3,20260952,concurrency::same-field::repoEdit::allow_rebase_explicit,createCurrentUserRepo,generated-epoch-24,2,True,423600
3,20260952,concurrency::same-field::repoEdit::allow_merge_update,createCurrentUserRepo,generated-epoch-22,2,True,441400
3,20260952,concurrency::same-field::repoEdit::allow_rebase,createCurrentUserRepo,generated-epoch-23,2,True,445700
