"Line","Marker"
"75","SBT:StorySkipped"
"77","SBT:StorySkipped"
"100","SBT:StorySkipped"
"106","SBT:StorySkipped"
"121","SBT:StorySkipped"
"129","SBT:StorySkipped"
"136","InstanceReady:AlbumResponseDtos:2"
"138","InstanceReady:AlbumResponseDtos:1"
"141","SBT:StorySkipped"
"148","SBT:StorySkipped"
"152","SBT:StorySkipped"
"163","SBT:StorySkipped"
"166","SBT:StorySkipped"
"172","SBT:StorySkipped"
"177","SBT:StorySkipped"
"189","SBT:StorySkipped"
"191","SBT:StorySkipped"
"196","SBT:StorySkipped"
"197","SBT:StorySkipped"
"200","InstanceReady:AlbumResponseDtos:3"
"206","SBT:StorySkipped"
"216","SBT:StorySkipped"
"223","SBT:StorySkipped"
"228","SBT:StorySkipped"
"230","SBT:StorySkipped"
"233","SBT:StorySkipped"
"240","SBT:StorySkipped"
"250","SBT:StorySkipped"
"265","SBT:StorySkipped"
"268","SBT:StorySkipped"
"273","InstanceReady:SharedLinkResponseDtos:2"
"290","InstanceReady:SharedLinkResponseDtos:1"
"297","InstanceReady:SharedLinkResponseDtos:3"
"301","SBT:StorySkipped"
