method,path,source_operation_present,source_sha256,projection_sha256,projection
GET,/api/circuits/circuits/,true,23194fa4cfed029724b04f844b3e26c0965dbb7bce49c741a1afef40da8a2d8d,3985b36f40e393ba8713208581e4050377f86f34c679b92ae9ec8b7b6de1129e,task_scoped_no_external_values
POST,/api/circuits/circuits/,true,a8f202f29344d4e912857e70fe9e7d99d17d89d946fd0a5260d76f4bf58a2b27,0a47e479f0a22dc29f2742d471f0b8213e0fd2076dc6fd4c621b64042bffc610,task_scoped_no_external_values
GET,/api/circuits/circuits/{id}/,true,c6671130b21d223be68288f603cb58006e0969b2891c18a90a85b46e7a0b41f0,6ff9e8870bde16da9f88b91ce820ad9e283a7eada210b864d26705b3e8c757e5,task_scoped_no_external_values
PATCH,/api/circuits/circuits/{id}/,true,8bf30d52eb5da331385bd507d5e5a11c99bb38d72f31b9fbdc473ea95cf97a33,046c3a65cb3632ea3dae9f369bbeae892373ca1d2190dc8dd2162cb330a634a8,task_scoped_no_external_values
GET,/api/dcim/devices/,true,59f789ccb5bbc187b4a0f365f4594c42e2b77c105baf2eaaa7ed276e8b731746,339be2279ff2a29a61aa503e0e44a1898324eb2b026c9f98242f5fc1411082cf,task_scoped_no_external_values
POST,/api/dcim/devices/,true,ad1da93af240a8d6741ed4fd510b2a21f964983eae7a020cd516e6c9ce71a0fd,1439b19ebabdd276c380432bd2471dedfce7a66d984d742a6583a0670f62919e,task_scoped_no_external_values
GET,/api/dcim/devices/{id}/,true,c548776557e040c1357ff442fa2852e095fcc6450a375188564b0c9893efbb62,746fb586119c2fde3d28178ab6a2f4e5a1895080d53c77063be6e32ac5bec6de,task_scoped_no_external_values
PATCH,/api/dcim/devices/{id}/,true,c8977296ac8189e504979cb732e307bd30b0004389c49629e608aabee3f29738,5a4aa20b7aed5df67feab852d509734a20405160e871e6fe2aeed199e74f3318,task_scoped_no_external_values
GET,/api/dcim/sites/,true,d56226d1e17c89221e6d3931bf4c6c6099638f0c74e3291c391671e33d41b9f2,851b8238a93a17f4804fcff080c53f45162f9cc81dde72d9d66aef503d362b09,task_scoped_no_external_values
POST,/api/dcim/sites/,true,de91acdb9b3bc9046de5a40fcdb75734d3f35d59cd7b205aef4b3e70cc205da6,4efc3fafc77092b6612c9eaa2a489378849fef4fb8a7ac341ea28bcbc486aebe,task_scoped_no_external_values
DELETE,/api/dcim/sites/{id}/,true,4799d41dd0513fc66cd6a286797ed059052e8337d00401b5eb2a2c6db058d1b1,58b0f80bafdeae679ba6c1b19a637f07dd1bfd6c044654a59093b7332522c99d,task_scoped_no_external_values
GET,/api/dcim/sites/{id}/,true,17b33644e2dc1e4b14b5d811dacb45dc434a3d4adacd791a736c9fd77cdfc58c,87e07d193287f72abb7856b6b04a7cc01143ea1aa0e49dcd11429b462addd328,task_scoped_no_external_values
