"trial","upstream","fork","preconditions_verified","non_fork_control_status","valid_fork_status","upstream_sha","fork_before_sha","fork_after_sha","verdict","reason"
"1","sbt-gitea-20260923_142458_008/s51-upstream-151355361-1","s51-org-151355361-1/s51-fork-151355361-1","True","500","404","292167b2429e1e3623ee82828bb4b33c8a7163b8","1ce457ae31f64dc408ce07f7c8e077a221fdcd6f","1ce457ae31f64dc408ce07f7c8e077a221fdcd6f","CONTRACT_REJECTION","verified-fork-request-rejected"
"2","sbt-gitea-20260923_142458_008/s51-upstream-151356583-2","s51-org-151356583-2/s51-fork-151356583-2","True","500","404","ac30b83dbb03605c38350d1788c9db886be43650","ac1cbe5953616c1298866383495df2767b6560de","ac1cbe5953616c1298866383495df2767b6560de","CONTRACT_REJECTION","verified-fork-request-rejected"
"3","sbt-gitea-20260923_142458_008/s51-upstream-151357594-3","s51-org-151357594-3/s51-fork-151357594-3","True","500","404","a4dea7cecc387b68772e792175bc53dc223633e9","22c3ef86a6d8ef9934f4fd478bb44affda72f768","22c3ef86a6d8ef9934f4fd478bb44affda72f768","CONTRACT_REJECTION","verified-fork-request-rejected"
"4","sbt-gitea-20260923_142458_008/s51-upstream-151358513-4","s51-org-151358513-4/s51-fork-151358513-4","True","500","404","785ca294492d608a311f7d2b73fb4334657ff1e6","d51ed78d66710615f308cc5755418c3c91565341","d51ed78d66710615f308cc5755418c3c91565341","CONTRACT_REJECTION","verified-fork-request-rejected"
"5","sbt-gitea-20260923_142458_008/s51-upstream-151359450-5","s51-org-151359450-5/s51-fork-151359450-5","True","500","404","afaf7674b79288334fe5aef07c26359e42e71830","c7819d3bfb0161fb8a055a24034a51cb6c14c7a0","c7819d3bfb0161fb8a055a24034a51cb6c14c7a0","CONTRACT_REJECTION","verified-fork-request-rejected"
"6","sbt-gitea-20260923_142458_008/s51-upstream-151400451-6","s51-org-151400451-6/s51-fork-151400451-6","True","500","404","b1fca46ecb5e24c5da185c8b91b75030f2c909fb","37d9e73877c45838ed3e0f300d465b5b7332073b","37d9e73877c45838ed3e0f300d465b5b7332073b","CONTRACT_REJECTION","verified-fork-request-rejected"
"7","sbt-gitea-20260923_142458_008/s51-upstream-151401895-7","s51-org-151401895-7/s51-fork-151401895-7","True","500","404","47d3ff774f44d0ccafda91e470751367b73a65a2","a0c6e33fa77a4ca7cd004725cb968ba95bc24e51","a0c6e33fa77a4ca7cd004725cb968ba95bc24e51","CONTRACT_REJECTION","verified-fork-request-rejected"
"8","sbt-gitea-20260923_142458_008/s51-upstream-151403326-8","s51-org-151403326-8/s51-fork-151403326-8","True","500","404","6c1a6686b12238b1755b905f3d9eccd9fbd042e6","b8b344ff2e0013b2117f47aa8c8dc5bc7a385f94","b8b344ff2e0013b2117f47aa8c8dc5bc7a385f94","CONTRACT_REJECTION","verified-fork-request-rejected"
"9","sbt-gitea-20260923_142458_008/s51-upstream-151405144-9","s51-org-151405144-9/s51-fork-151405144-9","True","500","404","ba528014eac8eed062001f31730533cca3d8957f","2902e672851ffcede247615e07aaef5b22c5835c","2902e672851ffcede247615e07aaef5b22c5835c","CONTRACT_REJECTION","verified-fork-request-rejected"
"10","sbt-gitea-20260923_142458_008/s51-upstream-151406963-10","s51-org-151406963-10/s51-fork-151406963-10","True","500","404","e79e2b4d1d206ad6c5ffc68c741879dfe619f9f7","828e5af48538d1be523a15890b696db73181fcd9","828e5af48538d1be523a15890b696db73181fcd9","CONTRACT_REJECTION","verified-fork-request-rejected"
