file,sha256
concurrent-epochs.jsonl,0816313ef0bea0b2ecc0e488c591b945d615f38f36e6dbd195f6dc52734a2607
generate.log,c1cf4f1e527494c1477d68d621fd87ac5788fb7fadcae23bb6ff7695164dfa89
generated-interface.immich.js,9369f0834a16f1cc0795205ab4df986cce201d1373d1ba2c9773fa9509ff6165
http-trace.jsonl,0906b5b88ebef6e607805833d41049cf137fbc131c7e9b2ecc145176bb581cb8
provengo-create-1.log,e1213e12958749da90c8903a3b2a9899514b337aee8f59890b4cc6f99c1d7425
provengo-create-2.log,b240da6219300bfabea3beb96e049715f2f086cabfae7b67684c6037fe4ffc29
provengo-run-1.log,70bfa2a55b109f368e46e5a2820cb98ea6b64d6d9d2059e6a06ec0eb3248cf7e
provengo-run-2.log,5fb798e218f4c984453d998d82bf8d20aeede628371aae322fc6cf3ddc95d039
provengo-story-1.js,24eda939539feaf997031f58f2684186ba83a19cb872c7390f6dbef5da11164a
provengo-story-2.js,4568245559a13bbaac93902465cae7b8d3831a5f178ef7e510f38adaa43ad640
run_immich_album_asset_provengo.py,cb10189a08cf7e8f551db92c3aef9ed3ce306a905685310ad6e59687ce026d61
summary.json,2b2ad4b094b5dd6cf799990fe34534079f2b08040486e84a12d583cc95fb2336
