"Path","SHA256","SizeBytes"
"http-trace.jsonl","c88d78b3a5dd6893285a56032b8342006ca0cd728fe615fe36fb049f635ace63","8161"
"phase3-comment-evaluation.json","b4fb17c94dbb776aab910e299315ea96e48e6a62e971d2b90a6816362594ff04","824"
"provengo_project/.gitignore","f09e023c25978720ed9122360581f2fca50cb612504daed3337ab662e7106366","32"
"provengo_project/.vscode/mcp.json","6e0a0c795dc197f1d4e07744a4e361e7cf92d6a2f5d276d0f1d5ce31f35169fb","143"
"provengo_project/config/provengo.yml","172d59431475ba56c192df94b270f8d71e618b53c62c45beace120ee769cd8a3","1260"
"provengo_project/data/data.js","55e30a0929c59d9578c5695169b772d147c20b0ad8a7d556eb38c4defd8404b7","131"
"provengo_project/meta-spec/book-writer.js","977303cc03f87fd6561e4435e4cbbb34c85559a94b7aacefdbe9c71b0cb5ac42","3926"
"provengo_project/meta-spec/ensemble-code.js","7e9e842a753bf38111af0cbfbf1bdaf8b88602fd620ff5fdd919fe8d23f45ab5","2692"
"provengo_project/meta-spec/scenario-metadata.js","53f129542f1903bf3f7c2ef55914c0df227d58111a71c7c6053d40792b79cd65","479"
"provengo_project/meta-spec/script-writer.js","f197d272e5524bd0b4ab1f59289b300232c7a8ebc060f8ffeba993fc7eaae0f9","3034"
"provengo_project/products/internal/artifacts/1/1/1.txt","0c3eb500515c1f5d888f0edd3a7631341839f50ef4de29520a5e5fd83fb66419","101"
"provengo_project/products/internal/artifacts/1/1/10.txt","e820fb1b6d3ce0af6b8bd15f97af0c9cac893bf84ccc5c17685c907aa4bcfc1e","44"
"provengo_project/products/internal/artifacts/1/1/11.txt","1c63e16b21c4cd9161e66430e587d1ecc71db3feea905ca5d6d4e4af57002f23","1204"
"provengo_project/products/internal/artifacts/1/1/12.json","4467d896056b19ca429fd476df7bbab77bfc081c6d125ebe2c04f6ef56b6b358","864"
"provengo_project/products/internal/artifacts/1/1/13.txt","871e7e1ca24490536fe1523d43846efaf4b9e7a50bfa27570d85e1ce241709e0","111"
"provengo_project/products/internal/artifacts/1/1/14.txt","1fc739543fa3e3c325381fbd2c18fe4bfb6966f91c57081ff545f77826212875","498"
"provengo_project/products/internal/artifacts/1/1/15.json","6031d090c33697be45884be90cc119bcc02275632b8abce2be46981babbb3cbe","254"
"provengo_project/products/internal/artifacts/1/1/16.txt","d88fbaf399aa5a2d1168769e137211a7a03654157b236e68bd62dc3700bdee88","63"
"provengo_project/products/internal/artifacts/1/1/17.txt","389ab1bab4f2fb0623e1c278aa73212b4a577434914bf8add8c27c9cec9ce1cf","555"
"provengo_project/products/internal/artifacts/1/1/18","4babedd93a51b34295a84d540f79077cc9082d50f9d0e00fc29aea7145c38ff9","236"
"provengo_project/products/internal/artifacts/1/1/2.txt","105567bb98aec87b8ee8c90bb2da45140a235d9fb7cb4c5024cd32d6d322da30","2031"
"provengo_project/products/internal/artifacts/1/1/3.json","f77390408dce1e8b55db222cc3a84295dd67f4afe70ee4f9d9ab1ece42ddd16d","1729"
"provengo_project/products/internal/artifacts/1/1/4.txt","0a8dc96bd727ffe6876872f35e0d733620c6f24a87fa3920041cdf40b52a0ca9","80"
"provengo_project/products/internal/artifacts/1/1/5.txt","5405c2fbf00faafcfc93b4e5c78cf546021bd103615823a056671049966f300c","1944"
"provengo_project/products/internal/artifacts/1/1/6.json","13552ed18eeff32e99a6f279200ab9e4ee3cfe50d99d45c303e040faa46e3bf2","1634"
"provengo_project/products/internal/artifacts/1/1/7.txt","fc11b4af58e6b5ad679441c86263be5d78dca18f6c8c8f8a3f2d4f04aec8625c","110"
"provengo_project/products/internal/artifacts/1/1/8.txt","6df9b8535bf5d4e87f1f802efa95f40b33f41be87a574520b421d436e24837ce","951"
"provengo_project/products/internal/artifacts/1/1/9.json","8f6d8ebcc90b9b833c39c1e398cecfc84c83845ed7b6ee9ec4d933af081fd8fb","707"
"provengo_project/products/internal/runs-db.db","a7bf04232148469ccdf814279a146186a256dc6613a3a443ead5d07128760a62","5009408"
"provengo_project/README.md","4b67524af087264a132f3bd2671b1c4f16bed91a6b2a430bf58ffd963d193787","4006"
"provengo_project/spec/js/disabled/hello-world.js","86253af6bc213bec40e9dc0f3c6d03134a32c1b31c0a618d77afbe9ad15b8cdd","1383"
"provengo_project/spec/js/interfaces.vikunja.js","dedfcafdd58333473ef67ee544f86cd860e3c15d3e840b464ed33f5da228e7eb","64995"
"provengo_project/spec/js/stories.vikunja.js","27d8011cd3d6c6e317f08a2d6c539463caec03e74ae2858dd1187bb4b2d6a21c","6032"
"provengo-create.log","d749404d34bb2b2e68f3a6bbcb0d600ac54aba2e5145f4d086506e8110fb00ad","1224"
"provengo-run.log","76b44c97cdf2aeb9a976084c9c436177e1f40afd1e7be56437b39349515d8670","24774"
"proxy.stderr.log","e3b0c44298fc1c149afbf4c8996fb92427ae41e4649b934ca495991b7852b855","0"
"proxy.stdout.log","3e9637744efb4ab698c24160de5114f08dad58e2ed8ca2d3342c0306f2754d3c","84"
"run-metadata.json","e754b296a56d650e3284bada694844eca5894233aba13a466dd4870406ad7a7c","707"
